id,winner_model_a,winner_model_b,winner_tie
136060,0.26808026,0.40972415,0.32219556
211333,0.37852454,0.30448017,0.31699532
1233961,0.2090416,0.5050347,0.2859237
