id,winner_model_a,winner_model_b,winner_tie
136060,0.20568516850471497,0.615263044834137,0.1790517419576645
211333,0.22313424944877625,0.2970517575740814,0.4798140227794647
1233961,0.1737765073776245,0.5167782306671143,0.30944526195526123
