id,winner_model_a,winner_model_b,winner_tie
136060,0.2219689,0.23762487,0.54040617
211333,0.2689141,0.46473077,0.2663551
1233961,0.2086345,0.4879264,0.30343917
